{"cameraMode":{"drawMode":0,"name":"Shaded","section":"Shading Mode"},"sceneLighting":true,"audioPlay":false,"sceneViewState":{"showFog":true,"showMaterialUpdate":false,"showSkybox":true,"showFlares":true,"showImageEffects":true,"showParticleSystems":true},"in2DMode":false,"pivot":{"x":-1.223827600479126,"y":1.3306121826171876,"z":1.5474669933319092},"rotation":{"x":0.7028443813323975,"y":0.003201004583388567,"z":-0.003162821289151907,"w":0.7113295197486877},"size":22.674915313720704,"orthographic":false}